year,region,district,people_total,area,population_density
104,新北市,板橋區,554236,23.1373,23954
104,新北市,三重區,388447,16.317,23806
104,新北市,中和區,414304,20.144,20567
104,新北市,永和區,225409,5.7138,39450
104,新北市,新莊區,413243,19.7383,20936
104,新北市,新店區,300267,120.2255,2498
104,新北市,樹林區,184249,33.1288,5562
104,新北市,鶯歌區,87965,21.1248,4164
104,新北市,三峽區,112708,191.4508,589
104,新北市,淡水區,162221,70.6565,2296
104,新北市,汐止區,196028,71.2354,2752
104,新北市,瑞芳區,40976,70.7336,579
104,新北市,土城區,238703,29.5578,8076
104,新北市,蘆洲區,200095,7.4351,26912
104,新北市,五股區,82923,34.8632,2379
104,新北市,泰山區,78707,19.1603,4108
104,新北市,林口區,100350,54.1519,1853
104,新北市,深坑區,23594,20.5787,1147
104,新北市,石碇區,7855,144.3498,54
104,新北市,坪林區,6490,170.835,38
104,新北市,三芝區,23487,65.9909,356
104,新北市,石門區,12641,51.2645,247
104,新北市,八里區,37678,39.4933,954
104,新北市,平溪區,4874,71.3382,68
104,新北市,雙溪區,9245,146.2484,63
104,新北市,貢寮區,12860,99.9734,129
104,新北市,金山區,22260,49.2132,452
104,新北市,萬里區,22642,63.3766,357
104,新北市,烏來區,6187,321.1306,19
104,臺北市,松山區,209714,9.2878,22580
104,臺北市,信義區,229211,11.2077,20451
104,臺北市,大安區,313058,11.3614,27555
104,臺北市,中山區,231350,13.6821,16909
104,臺北市,中正區,162475,7.6071,21358
104,臺北市,大同區,130929,5.6815,23045
104,臺北市,萬華區,194339,8.8522,21954
104,臺北市,文山區,275367,31.509,8739
104,臺北市,南港區,122245,21.8424,5597
104,臺北市,內湖區,287566,31.5787,9106
104,臺北市,士林區,290694,62.3682,4661
104,臺北市,北投區,257862,56.8216,4538
104,桃園市,桃園區,427145,34.8046,12273
104,桃園市,中壢區,389782,76.52,5094
104,桃園市,大溪區,93343,105.1206,888
104,桃園市,楊梅區,161098,89.1229,1808
104,桃園市,蘆竹區,155403,75.5025,2058
104,桃園市,大園區,85565,87.3925,979
104,桃園市,龜山區,145580,72.0177,2021
104,桃園市,八德區,187420,33.7111,5560
104,桃園市,龍潭區,118433,75.2341,1574
104,桃園市,平鎮區,217887,47.7532,4563
104,桃園市,新屋區,48409,85.0166,569
104,桃園市,觀音區,64785,87.9807,736
104,桃園市,復興區,10930,350.7775,31
104,臺中市,中區,19020,0.8803,21606
104,臺中市,東區,75182,9.2855,8097
104,臺中市,南區,121786,6.8101,17883
104,臺中市,西區,115693,5.7042,20282
104,臺中市,北區,147547,6.9376,21268
104,臺中市,西屯區,221785,39.8467,5566
104,臺中市,南屯區,164575,31.2578,5265
104,臺中市,北屯區,265159,62.7034,4229
104,臺中市,豐原區,166749,41.1845,4049
104,臺中市,東勢區,51308,117.4065,437
104,臺中市,大甲區,77714,58.5192,1328
104,臺中市,清水區,86146,64.1709,1342
104,臺中市,沙鹿區,89592,40.4604,2214
104,臺中市,梧棲區,57108,16.6049,3439
104,臺中市,后里區,54344,58.9439,922
104,臺中市,神岡區,65178,35.0445,1860
104,臺中市,潭子區,106557,25.8497,4122
104,臺中市,大雅區,93661,32.4109,2890
104,臺中市,新社區,25086,68.8874,364
104,臺中市,石岡區,15295,18.2105,840
104,臺中市,外埔區,31899,42.4099,752
104,臺中市,大安區,19542,27.4045,713
104,臺中市,烏日區,72514,43.4032,1671
104,臺中市,大肚區,56627,37.0024,1530
104,臺中市,龍井區,76666,38.0377,2016
104,臺中市,霧峰區,64657,98.0779,659
104,臺中市,太平區,183923,120.7473,1523
104,臺中市,大里區,208406,28.8758,7217
104,臺中市,和平區,10726,1037.8192,10
104,臺南市,新營區,78165,38.5386,2028
104,臺南市,鹽水區,26085,52.2455,499
104,臺南市,白河區,29271,126.4046,232
104,臺南市,柳營區,21629,61.2929,353
104,臺南市,後壁區,24329,72.2189,337
104,臺南市,東山區,21603,124.9178,173
104,臺南市,麻豆區,44987,53.9744,833
104,臺南市,下營區,24786,33.5291,739
104,臺南市,六甲區,22586,67.5471,334
104,臺南市,官田區,21685,70.7953,306
104,臺南市,大內區,10054,70.3125,143
104,臺南市,佳里區,59555,38.9422,1529
104,臺南市,學甲區,26652,53.9919,494
104,臺南市,西港區,24921,33.7666,738
104,臺南市,七股區,23365,110.1492,212
104,臺南市,將軍區,20309,41.9796,484
104,臺南市,北門區,11527,44.1003,261
104,臺南市,新化區,43828,62.0579,706
104,臺南市,善化區,46933,55.3097,849
104,臺南市,新市區,35853,47.8096,750
104,臺南市,安定區,30331,31.27,970
104,臺南市,山上區,7437,27.878,267
104,臺南市,玉井區,14388,76.3662,188
104,臺南市,楠西區,10032,109.6316,92
104,臺南市,南化區,8893,171.5198,52
104,臺南市,左鎮區,5071,74.9025,68
104,臺南市,仁德區,73887,50.7664,1455
104,臺南市,歸仁區,67906,55.7913,1217
104,臺南市,關廟區,34719,53.6413,647
104,臺南市,龍崎區,4196,64.0814,65
104,臺南市,永康區,230806,40.2753,5731
104,臺南市,東區,188865,13.4156,14078
104,臺南市,南區,125738,27.2681,4611
104,臺南市,北區,132651,10.434,12713
104,臺南市,安南區,189620,107.2016,1769
104,臺南市,安平區,65380,11.0663,5908
104,臺南市,中西區,77498,6.26,12380
104,高雄市,鹽埕區,25032,1.4161,17677
104,高雄市,鼓山區,136665,14.7523,9264
104,高雄市,左營區,196244,19.3823,10125
104,高雄市,楠梓區,179931,25.8276,6967
104,高雄市,三民區,346169,19.7866,17495
104,高雄市,新興區,51955,1.9764,26288
104,高雄市,前金區,27388,1.8573,14746
104,高雄市,苓雅區,174515,8.1522,21407
104,高雄市,前鎮區,192593,19.1207,10072
104,高雄市,旗津區,29008,1.4639,19816
104,高雄市,小港區,156256,45.4426,3439
104,高雄市,鳳山區,356320,26.759,13316
104,高雄市,林園區,70401,32.286,2181
104,高雄市,大寮區,111663,71.04,1572
104,高雄市,大樹區,43161,66.9811,644
104,高雄市,大社區,34566,26.5848,1300
104,高雄市,仁武區,82614,36.0808,2290
104,高雄市,鳥松區,43965,24.5927,1788
104,高雄市,岡山區,97827,47.9421,2041
104,高雄市,橋頭區,37317,25.9379,1439
104,高雄市,燕巢區,30124,65.395,461
104,高雄市,田寮區,7473,92.6802,81
104,高雄市,阿蓮區,29319,34.6164,847
104,高雄市,路竹區,53033,48.4348,1095
104,高雄市,湖內區,29615,20.1615,1469
104,高雄市,茄萣區,30551,15.7624,1938
104,高雄市,永安區,14152,22.6141,626
104,高雄市,彌陀區,19655,14.7772,1330
104,高雄市,梓官區,36429,11.5967,3141
104,高雄市,旗山區,37770,94.6122,399
104,高雄市,美濃區,40810,120.0316,340
104,高雄市,六龜區,13467,194.1584,69
104,高雄市,甲仙區,6291,124.034,51
104,高雄市,杉林區,12383,104.0036,119
104,高雄市,內門區,14978,95.6224,157
104,高雄市,茂林區,1890,194,10
104,高雄市,桃源區,4239,928.98,5
104,高雄市,那瑪夏區,3149,252.9895,12
104,宜蘭縣,宜蘭市,96051,29.408,3266
104,宜蘭縣,羅東鎮,72404,11.3448,6382
104,宜蘭縣,蘇澳鎮,40726,89.0196,457
104,宜蘭縣,頭城鎮,29798,100.893,295
104,宜蘭縣,礁溪鄉,35838,101.4278,353
104,宜蘭縣,壯圍鄉,24258,38.4769,630
104,宜蘭縣,員山鄉,32277,111.9106,288
104,宜蘭縣,冬山鄉,53634,79.8573,672
104,宜蘭縣,五結鄉,39559,38.8671,1018
104,宜蘭縣,三星鄉,21441,144.2238,149
104,宜蘭縣,大同鄉,6080,657.5442,9
104,宜蘭縣,南澳鄉,6051,740.652,8
104,新竹縣,竹北市,170790,46.8341,3647
104,新竹縣,關西鎮,29936,125.5193,238
104,新竹縣,新埔鎮,34111,72.1911,473
104,新竹縣,竹東鎮,96311,53.5133,1800
104,新竹縣,湖口鄉,77280,58.4303,1323
104,新竹縣,橫山鄉,13515,66.3502,204
104,新竹縣,新豐鄉,56125,46.3496,1211
104,新竹縣,芎林鄉,20284,40.7858,497
104,新竹縣,寶山鄉,14325,64.7871,221
104,新竹縣,北埔鄉,9691,50.6676,191
104,新竹縣,峨眉鄉,5642,46.801,121
104,新竹縣,尖石鄉,9417,527.5795,18
104,新竹縣,五峰鄉,4615,227.728,20
104,苗栗縣,苗栗市,90469,37.8878,2388
104,苗栗縣,苑裡鎮,103239,68.2473,1513
104,苗栗縣,通霄鎮,47849,107.8486,444
104,苗栗縣,竹南鎮,36172,37.5592,963
104,苗栗縣,頭份鎮,84469,53.3205,1584
104,苗栗縣,後龍鎮,37837,75.8079,499
104,苗栗縣,卓蘭鎮,18057,76.3153,237
104,苗栗縣,大湖鄉,15276,90.8396,168
104,苗栗縣,公館鄉,34536,71.4523,483
104,苗栗縣,銅鑼鄉,18710,78.3805,239
104,苗栗縣,南庄鄉,10577,165.4938,64
104,苗栗縣,頭屋鄉,11236,52.5046,214
104,苗栗縣,三義鄉,17020,69.3424,245
104,苗栗縣,西湖鄉,7466,41.0758,182
104,苗栗縣,造橋鄉,13354,47.9978,278
104,苗栗縣,三灣鄉,6994,52.2964,134
104,苗栗縣,獅潭鄉,4606,79.4324,58
104,苗栗縣,泰安鄉,6045,614.5127,10
104,彰化縣,彰化市,235010,65.6947,3577
104,彰化縣,鹿港鎮,124837,39.4625,3163
104,彰化縣,和美鎮,86407,39.9345,2164
104,彰化縣,北斗鎮,91113,19.2547,4732
104,彰化縣,員林鎮,33225,40.038,830
104,彰化縣,溪湖鎮,55742,32.0592,1739
104,彰化縣,田中鎮,42490,34.6056,1228
104,彰化縣,二林鎮,51882,92.8478,559
104,彰化縣,線西鄉,17040,18.0856,942
104,彰化縣,伸港鄉,36464,22.3268,1633
104,彰化縣,福興鄉,47618,49.8934,954
104,彰化縣,秀水鄉,39352,29.3447,1341
104,彰化縣,花壇鄉,45984,36.3469,1265
104,彰化縣,芬園鄉,24003,38.0204,631
104,彰化縣,大村鄉,36531,30.7837,1187
104,彰化縣,埔鹽鄉,32954,38.6081,854
104,彰化縣,埔心鄉,34833,20.9526,1662
104,彰化縣,永靖鄉,37985,20.6382,1841
104,彰化縣,社頭鄉,43492,36.1449,1203
104,彰化縣,二水鄉,15629,29.4449,531
104,彰化縣,田尾鄉,27567,24.0375,1147
104,彰化縣,埤頭鄉,30869,42.7508,722
104,彰化縣,芳苑鄉,34352,91.3827,376
104,彰化縣,大城鄉,17516,63.7406,275
104,彰化縣,竹塘鄉,15638,42.1662,371
104,彰化縣,溪州鄉,30539,75.831,403
104,南投縣,南投市,101622,71.6021,1419
104,南投縣,埔里鎮,82212,162.2227,507
104,南投縣,草屯鎮,98837,104.0327,950
104,南投縣,竹山鎮,56053,247.3339,227
104,南投縣,集集鎮,11229,49.7268,226
104,南投縣,名間鄉,39666,83.0955,477
104,南投縣,鹿谷鄉,18234,141.8981,129
104,南投縣,中寮鄉,15353,146.6541,105
104,南投縣,魚池鄉,16289,121.3735,134
104,南投縣,國姓鄉,19360,175.7042,110
104,南投縣,水里鄉,18339,106.8424,172
104,南投縣,信義鄉,16525,1422.4188,12
104,南投縣,仁愛鄉,15771,1273.5312,12
104,雲林縣,斗六市,108359,93.7151,1156
104,雲林縣,斗南鎮,45590,48.1505,947
104,雲林縣,虎尾鎮,70551,68.742,1026
104,雲林縣,西螺鎮,46840,49.7985,941
104,雲林縣,土庫鎮,29401,49.0212,600
104,雲林縣,北港鎮,41006,41.4999,988
104,雲林縣,古坑鄉,32326,166.6059,194
104,雲林縣,大埤鄉,19727,44.9973,438
104,雲林縣,莿桐鄉,29232,50.8502,575
104,雲林縣,林內鄉,18664,37.6035,496
104,雲林縣,二崙鄉,27939,59.5625,469
104,雲林縣,崙背鄉,25469,58.484,435
104,雲林縣,麥寮鄉,44600,80.1668,556
104,雲林縣,東勢鄉,15391,48.3562,318
104,雲林縣,褒忠鄉,13349,37.0552,360
104,雲林縣,臺西鄉,24576,54.0983,454
104,雲林縣,元長鄉,26857,71.5872,375
104,雲林縣,四湖鄉,24742,77.1189,321
104,雲林縣,口湖鄉,28489,80.4612,354
104,雲林縣,水林鄉,26525,72.9582,364
104,嘉義縣,太保市,37212,66.8964,556
104,嘉義縣,朴子市,42956,49.5737,867
104,嘉義縣,布袋鎮,27954,61.7307,453
104,嘉義縣,大林鎮,31697,64.1663,494
104,嘉義縣,民雄鄉,71862,85.4969,841
104,嘉義縣,溪口鄉,15113,33.0463,457
104,嘉義縣,新港鄉,32797,66.0495,497
104,嘉義縣,六腳鄉,24202,62.2619,389
104,嘉義縣,東石鄉,25751,81.5821,316
104,嘉義縣,義竹鄉,19258,79.2925,243
104,嘉義縣,鹿草鄉,16119,54.3151,297
104,嘉義縣,水上鄉,50431,69.1198,730
104,嘉義縣,中埔鄉,45724,129.5016,353
104,嘉義縣,竹崎鄉,36546,162.2256,225
104,嘉義縣,梅山鄉,20010,119.7571,167
104,嘉義縣,番路鄉,11865,117.5269,101
104,嘉義縣,大埔鄉,4621,173.2472,27
104,嘉義縣,阿里山鄉,5721,427.8471,13
104,屏東縣,屏東市,202562,65.067,3113
104,屏東縣,潮州鎮,54719,42.4331,1290
104,屏東縣,東港鎮,48058,29.4635,1631
104,屏東縣,恆春鎮,30874,136.763,226
104,屏東縣,萬丹鄉,51647,57.4679,899
104,屏東縣,長治鄉,30305,39.8861,760
104,屏東縣,麟洛鄉,11231,16.26,691
104,屏東縣,九如鄉,22090,42.0187,526
104,屏東縣,里港鄉,27040,68.9208,392
104,屏東縣,鹽埔鄉,26361,64.3493,410
104,屏東縣,高樹鄉,25163,90.1522,279
104,屏東縣,萬巒鄉,20765,60.7315,342
104,屏東縣,內埔鄉,55644,81.8554,680
104,屏東縣,竹田鄉,17544,29.0732,603
104,屏東縣,新埤鄉,10058,59.0102,170
104,屏東縣,枋寮鄉,25120,57.7347,435
104,屏東縣,新園鄉,36217,38.3109,945
104,屏東縣,崁頂鄉,16155,31.2659,517
104,屏東縣,林邊鄉,18896,15.6233,1209
104,屏東縣,南州鄉,10857,18.97,572
104,屏東縣,佳冬鄉,19905,30.9842,642
104,屏東縣,琉球鄉,12517,6.8018,1840
104,屏東縣,車城鄉,8917,49.8517,179
104,屏東縣,滿州鄉,7999,142.2013,56
104,屏東縣,枋山鄉,5644,17.2697,327
104,屏東縣,三地門鄉,7701,196.3965,39
104,屏東縣,霧臺鄉,3329,278.796,12
104,屏東縣,瑪家鄉,6769,78.7008,86
104,屏東縣,泰武鄉,5217,118.6266,44
104,屏東縣,來義鄉,7570,167.7756,45
104,屏東縣,春日鄉,4806,160.001,30
104,屏東縣,獅子鄉,4806,301.0018,16
104,屏東縣,牡丹鄉,4767,181.8366,26
104,臺東縣,臺東市,106759,109.7691,973
104,臺東縣,成功鎮,14652,143.9939,102
104,臺東縣,關山鎮,8923,58.7351,152
104,臺東縣,卑南鄉,17507,412.6871,42
104,臺東縣,大武鄉,6324,69.1454,91
104,臺東縣,太麻里鄉,11374,96.6523,118
104,臺東縣,東河鄉,8847,210.1908,42
104,臺東縣,長濱鄉,7579,155.1868,49
104,臺東縣,鹿野鄉,8107,89.698,90
104,臺東縣,池上鄉,8488,82.6854,103
104,臺東縣,綠島鄉,3775,15.0919,250
104,臺東縣,延平鄉,3575,455.8805,8
104,臺東縣,海端鄉,4322,880.0382,5
104,臺東縣,達仁鄉,3589,306.4454,12
104,臺東縣,金峰鄉,3586,380.6635,9
104,臺東縣,蘭嶼鄉,5045,48.3892,104
104,花蓮縣,花蓮市,105724,29.4095,3595
104,花蓮縣,鳳林鎮,11115,120.5181,92
104,花蓮縣,玉里鎮,25013,252.3719,99
104,花蓮縣,新城鄉,20216,29.4095,687
104,花蓮縣,吉安鄉,83240,65.2582,1276
104,花蓮縣,壽豐鄉,18195,218.4448,83
104,花蓮縣,光復鄉,13219,157.11,84
104,花蓮縣,豐濱鄉,4541,162.4332,28
104,花蓮縣,瑞穗鄉,11926,135.5862,88
104,花蓮縣,富里鄉,10633,176.3705,60
104,花蓮縣,秀林鄉,15666,1641.8555,10
104,花蓮縣,萬榮鄉,6420,618.491,10
104,花蓮縣,卓溪鄉,6037,1021.313,6
104,澎湖縣,馬公市,60924,33.9918,1792
104,澎湖縣,湖西鄉,14413,33.3008,433
104,澎湖縣,白沙鄉,9710,20.0875,483
104,澎湖縣,西嶼鄉,8417,18.7148,450
104,澎湖縣,望安鄉,5091,13.7824,369
104,澎湖縣,七美鄉,3749,6.9868,537
104,基隆市,中正區,52710,10.2118,5162
104,基隆市,七堵區,54060,56.2659,961
104,基隆市,暖暖區,38379,22.8283,1681
104,基隆市,仁愛區,45626,4.2335,10777
104,基隆市,中山區,48397,10.5238,4599
104,基隆市,安樂區,81329,18.025,4512
104,基隆市,信義區,51604,10.6706,4836
104,新竹市,東區,208142,33.5768,6199
104,新竹市,北區,149156,15.7267,9484
104,新竹市,香山區,76762,54.8491,1400
104,嘉義市,東區,122900,30.1556,4076
104,嘉義市,西區,147466,29.87,4937
104,金門縣,金城鎮,42344,21.713,1950
104,金門縣,金湖鎮,28402,41.696,681
104,金門縣,金沙鎮,20107,41.19,488
104,金門縣,金寧鄉,28833,29.854,966
104,金門縣,烈嶼鄉,12450,16.003,778
104,金門縣,烏坵鄉,663,1.2,553
104,連江縣,南竿鄉,7409,10.4,712
104,連江縣,北竿鄉,2333,9.9,236
104,連江縣,莒光鄉,1535,4.7,327
104,連江縣,東引鄉,1270,3.8,334
105,新北市,板橋區,552285,23.1373,23870
105,新北市,三重區,388581,16.317,23814
105,新北市,中和區,414266,20.144,20565
105,新北市,永和區,223999,5.7138,39203
105,新北市,新莊區,414156,19.7383,20982
105,新北市,新店區,301168,120.2255,2505
105,新北市,樹林區,184400,33.1288,5566
105,新北市,鶯歌區,87231,21.1248,4129
105,新北市,三峽區,114180,191.4508,596
105,新北市,淡水區,165765,70.6565,2346
105,新北市,汐止區,197749,71.2354,2776
105,新北市,瑞芳區,40600,70.7336,574
105,新北市,土城區,238500,29.5578,8069
105,新北市,蘆洲區,200702,7.4351,26994
105,新北市,五股區,84134,34.8632,2413
105,新北市,泰山區,78817,19.1603,4114
105,新北市,林口區,103219,54.1519,1906
105,新北市,深坑區,23683,20.5787,1151
105,新北市,石碇區,7736,144.3498,54
105,新北市,坪林區,6538,170.835,38
105,新北市,三芝區,23369,65.9909,354
105,新北市,石門區,12496,51.2645,244
105,新北市,八里區,38167,39.4933,966
105,新北市,平溪區,4778,71.3382,67
105,新北市,雙溪區,9074,146.2484,62
105,新北市,貢寮區,12706,99.9734,127
105,新北市,金山區,22207,49.2132,451
105,新北市,萬里區,22490,63.3766,355
105,新北市,烏來區,6212,321.1306,19
105,臺北市,松山區,208326,9.2878,22430
105,臺北市,信義區,227823,11.2077,20327
105,臺北市,大安區,311506,11.3614,27418
105,臺北市,中山區,231247,13.6821,16901
105,臺北市,中正區,160403,7.6071,21086
105,臺北市,大同區,130071,5.6815,22894
105,臺北市,萬華區,193539,8.8522,21863
105,臺北市,文山區,275231,31.509,8735
105,臺北市,南港區,122516,21.8424,5609
105,臺北市,內湖區,287733,31.5787,9112
105,臺北市,士林區,289939,62.3682,4649
105,臺北市,北投區,257370,56.8216,4529
105,桃園市,桃園區,434243,34.8046,12477
105,桃園市,中壢區,396453,76.52,5181
105,桃園市,大溪區,94102,105.1206,895
105,桃園市,楊梅區,163959,89.1229,1840
105,桃園市,蘆竹區,158802,75.5025,2103
105,桃園市,大園區,87158,87.3925,997
105,桃園市,龜山區,152817,72.0177,2122
105,桃園市,八德區,192922,33.7111,5723
105,桃園市,龍潭區,120201,75.2341,1598
105,桃園市,平鎮區,221587,47.7532,4640
105,桃園市,新屋區,48772,85.0166,574
105,桃園市,觀音區,65555,87.9807,745
105,桃園市,復興區,11192,350.7775,32
105,臺中市,中區,18708,0.8803,21252
105,臺中市,東區,75396,9.2855,8120
105,臺中市,南區,123502,6.8101,18135
105,臺中市,西區,115747,5.7042,20292
105,臺中市,北區,147585,6.9376,21273
105,臺中市,西屯區,224601,39.8467,5637
105,臺中市,南屯區,166685,31.2578,5333
105,臺中市,北屯區,270547,62.7034,4315
105,臺中市,豐原區,166778,41.1845,4050
105,臺中市,東勢區,50952,117.4065,434
105,臺中市,大甲區,77656,58.5192,1327
105,臺中市,清水區,86350,64.1709,1346
105,臺中市,沙鹿區,91338,40.4604,2257
105,臺中市,梧棲區,57645,16.6049,3472
105,臺中市,后里區,54332,58.9439,922
105,臺中市,神岡區,65496,35.0445,1869
105,臺中市,潭子區,107530,25.8497,4160
105,臺中市,大雅區,94488,32.4109,2915
105,臺中市,新社區,24947,68.8874,362
105,臺中市,石岡區,15174,18.2105,833
105,臺中市,外埔區,32034,42.4099,755
105,臺中市,大安區,19409,27.4045,708
105,臺中市,烏日區,73647,43.4032,1697
105,臺中市,大肚區,57207,37.0024,1546
105,臺中市,龍井區,77236,38.0377,2031
105,臺中市,霧峰區,64898,98.0779,662
105,臺中市,太平區,186271,120.7473,1543
105,臺中市,大里區,210285,28.8758,7282
105,臺中市,和平區,10795,1037.8192,10
105,臺南市,新營區,78101,38.5386,2027
105,臺南市,鹽水區,25871,52.2455,495
105,臺南市,白河區,28819,126.4046,228
105,臺南市,柳營區,21520,61.2929,351
105,臺南市,後壁區,24066,72.2189,333
105,臺南市,東山區,21320,124.9178,171
105,臺南市,麻豆區,44812,53.9744,830
105,臺南市,下營區,24508,33.5291,731
105,臺南市,六甲區,22406,67.5471,332
105,臺南市,官田區,21535,70.7953,304
105,臺南市,大內區,9962,70.3125,142
105,臺南市,佳里區,59458,38.9422,1527
105,臺南市,學甲區,26377,53.9919,489
105,臺南市,西港區,24870,33.7666,737
105,臺南市,七股區,23172,110.1492,210
105,臺南市,將軍區,20051,41.9796,478
105,臺南市,北門區,11333,44.1003,257
105,臺南市,新化區,43727,62.0579,705
105,臺南市,善化區,47660,55.3097,862
105,臺南市,新市區,36268,47.8096,759
105,臺南市,安定區,30447,31.27,974
105,臺南市,山上區,7359,27.878,264
105,臺南市,玉井區,14281,76.3662,187
105,臺南市,楠西區,9898,109.6316,90
105,臺南市,南化區,8838,171.5198,52
105,臺南市,左鎮區,4980,74.9025,66
105,臺南市,仁德區,74637,50.7664,1470
105,臺南市,歸仁區,68170,55.7913,1222
105,臺南市,關廟區,34601,53.6413,645
105,臺南市,龍崎區,4107,64.0814,64
105,臺南市,永康區,232210,40.2753,5766
105,臺南市,東區,187834,13.4156,14001
105,臺南市,南區,125768,27.2681,4612
105,臺南市,北區,133091,10.434,12756
105,臺南市,安南區,191196,107.2016,1784
105,臺南市,安平區,65813,11.0663,5947
105,臺南市,中西區,76967,6.26,12295
105,高雄市,鹽埕區,24659,1.4161,17413
105,高雄市,鼓山區,138099,14.7523,9361
105,高雄市,左營區,196936,19.3823,10161
105,高雄市,楠梓區,181845,25.8276,7041
105,高雄市,三民區,344888,19.7866,17430
105,高雄市,新興區,51431,1.9764,26023
105,高雄市,前金區,27151,1.8573,14619
105,高雄市,苓雅區,172895,8.1522,21208
105,高雄市,前鎮區,191262,19.1207,10003
105,高雄市,旗津區,28898,1.4639,19740
105,高雄市,小港區,157023,45.4426,3455
105,高雄市,鳳山區,357768,26.759,13370
105,高雄市,林園區,70201,32.286,2174
105,高雄市,大寮區,112258,71.04,1580
105,高雄市,大樹區,43067,66.9811,643
105,高雄市,大社區,34615,26.5848,1302
105,高雄市,仁武區,84122,36.0808,2331
105,高雄市,鳥松區,44265,24.5927,1800
105,高雄市,岡山區,97643,47.9421,2037
105,高雄市,橋頭區,37448,25.9379,1444
105,高雄市,燕巢區,29960,65.395,458
105,高雄市,田寮區,7340,92.6802,79
105,高雄市,阿蓮區,29093,34.6164,840
105,高雄市,路竹區,53007,48.4348,1094
105,高雄市,湖內區,29876,20.1615,1482
105,高雄市,茄萣區,30412,15.7624,1929
105,高雄市,永安區,14039,22.6141,621
105,高雄市,彌陀區,19555,14.7772,1323
105,高雄市,梓官區,36252,11.5967,3126
105,高雄市,旗山區,37342,94.6122,395
105,高雄市,美濃區,40399,120.0316,337
105,高雄市,六龜區,13217,194.1584,68
105,高雄市,甲仙區,6214,124.034,50
105,高雄市,杉林區,12201,104.0036,117
105,高雄市,內門區,14743,95.6224,154
105,高雄市,茂林區,1896,194,10
105,高雄市,桃源區,4220,928.98,5
105,高雄市,那瑪夏區,3131,252.9895,12
105,宜蘭縣,宜蘭市,95907,29.408,3261
105,宜蘭縣,羅東鎮,72485,11.3448,6389
105,宜蘭縣,蘇澳鎮,40493,89.0196,455
105,宜蘭縣,頭城鎮,29666,100.893,294
105,宜蘭縣,礁溪鄉,35948,101.4278,354
105,宜蘭縣,壯圍鄉,24236,38.4769,630
105,宜蘭縣,員山鄉,32376,111.9106,289
105,宜蘭縣,冬山鄉,53327,79.8573,668
105,宜蘭縣,五結鄉,39657,38.8671,1020
105,宜蘭縣,三星鄉,21422,144.2238,149
105,宜蘭縣,大同鄉,6083,657.5442,9
105,宜蘭縣,南澳鄉,5938,740.652,8
105,新竹縣,竹北市,176604,46.8341,3771
105,新竹縣,關西鎮,29408,125.5193,234
105,新竹縣,新埔鎮,33737,72.1911,467
105,新竹縣,竹東鎮,96817,53.5133,1809
105,新竹縣,湖口鄉,77524,58.4303,1327
105,新竹縣,橫山鄉,13298,66.3502,200
105,新竹縣,新豐鄉,56452,46.3496,1218
105,新竹縣,芎林鄉,20165,40.7858,494
105,新竹縣,寶山鄉,14378,64.7871,222
105,新竹縣,北埔鄉,9531,50.6676,188
105,新竹縣,峨眉鄉,5593,46.801,120
105,新竹縣,尖石鄉,9412,527.5795,18
105,新竹縣,五峰鄉,4562,227.728,20
105,苗栗縣,苗栗市,89892,37.8878,2373
105,苗栗縣,頭份市,103157,53.3205,1935
105,苗栗縣,苑裡鎮,47040,68.2473,689
105,苗栗縣,通霄鎮,35433,107.8486,329
105,苗栗縣,竹南鎮,85010,37.5592,2263
105,苗栗縣,後龍鎮,37251,75.8079,491
105,苗栗縣,卓蘭鎮,17612,76.3153,231
105,苗栗縣,大湖鄉,15070,90.8396,166
105,苗栗縣,公館鄉,34210,71.4523,479
105,苗栗縣,銅鑼鄉,18465,78.3805,236
105,苗栗縣,南庄鄉,10391,165.4938,63
105,苗栗縣,頭屋鄉,11102,52.5046,211
105,苗栗縣,三義鄉,16813,69.3424,242
105,苗栗縣,西湖鄉,7288,41.0758,177
105,苗栗縣,造橋鄉,13166,47.9978,274
105,苗栗縣,三灣鄉,6884,52.2964,132
105,苗栗縣,獅潭鄉,4475,79.4324,56
105,苗栗縣,泰安鄉,5930,614.5127,10
105,彰化縣,彰化市,234690,65.6947,3572
105,彰化縣,員林市,124932,40.038,3120
105,彰化縣,鹿港鎮,86709,39.4625,2197
105,彰化縣,和美鎮,91162,39.9345,2283
105,彰化縣,北斗鎮,33253,19.2547,1727
105,彰化縣,溪湖鎮,55675,32.0592,1737
105,彰化縣,田中鎮,42152,34.6056,1218
105,彰化縣,二林鎮,51516,92.8478,555
105,彰化縣,線西鄉,16939,18.0856,937
105,彰化縣,伸港鄉,36756,22.3268,1646
105,彰化縣,福興鄉,47479,49.8934,952
105,彰化縣,秀水鄉,39344,29.3447,1341
105,彰化縣,花壇鄉,46142,36.3469,1269
105,彰化縣,芬園鄉,23881,38.0204,628
105,彰化縣,大村鄉,36762,30.7837,1194
105,彰化縣,埔鹽鄉,32782,38.6081,849
105,彰化縣,埔心鄉,34788,20.9526,1660
105,彰化縣,永靖鄉,37773,20.6382,1830
105,彰化縣,社頭鄉,43342,36.1449,1199
105,彰化縣,二水鄉,15500,29.4449,526
105,彰化縣,田尾鄉,27567,24.0375,1147
105,彰化縣,埤頭鄉,30797,42.7508,720
105,彰化縣,芳苑鄉,34039,91.3827,372
105,彰化縣,大城鄉,17284,63.7406,271
105,彰化縣,竹塘鄉,15491,42.1662,367
105,彰化縣,溪州鄉,30391,75.831,401
105,南投縣,南投市,100960,71.6021,1410
105,南投縣,埔里鎮,81574,162.2227,503
105,南投縣,草屯鎮,98431,104.0327,946
105,南投縣,竹山鎮,55493,247.3339,224
105,南投縣,集集鎮,11035,49.7268,222
105,南投縣,名間鄉,39220,83.0955,472
105,南投縣,鹿谷鄉,18010,141.8981,127
105,南投縣,中寮鄉,15083,146.6541,103
105,南投縣,魚池鄉,16154,121.3735,133
105,南投縣,國姓鄉,19098,175.7042,109
105,南投縣,水里鄉,18015,106.8424,169
105,南投縣,信義鄉,16381,1422.4188,12
105,南投縣,仁愛鄉,15709,1273.5312,12
105,雲林縣,斗六市,108401,93.7151,1157
105,雲林縣,斗南鎮,45227,48.1505,939
105,雲林縣,虎尾鎮,70815,68.742,1030
105,雲林縣,西螺鎮,46597,49.7985,936
105,雲林縣,土庫鎮,29275,49.0212,597
105,雲林縣,北港鎮,40658,41.4999,980
105,雲林縣,古坑鄉,31995,166.6059,192
105,雲林縣,大埤鄉,19480,44.9973,433
105,雲林縣,莿桐鄉,29089,50.8502,572
105,雲林縣,林內鄉,18453,37.6035,491
105,雲林縣,二崙鄉,27518,59.5625,462
105,雲林縣,崙背鄉,25083,58.484,429
105,雲林縣,麥寮鄉,45126,80.1668,563
105,雲林縣,東勢鄉,15120,48.3562,313
105,雲林縣,褒忠鄉,13167,37.0552,355
105,雲林縣,臺西鄉,24212,54.0983,448
105,雲林縣,元長鄉,26361,71.5872,368
105,雲林縣,四湖鄉,24151,77.1189,313
105,雲林縣,口湖鄉,28074,80.4612,349
105,雲林縣,水林鄉,26071,72.9582,357
105,嘉義縣,太保市,37497,66.8964,561
105,嘉義縣,朴子市,42585,49.5737,859
105,嘉義縣,布袋鎮,27509,61.7307,446
105,嘉義縣,大林鎮,31379,64.1663,489
105,嘉義縣,民雄鄉,71834,85.4969,840
105,嘉義縣,溪口鄉,14933,33.0463,452
105,嘉義縣,新港鄉,32385,66.0495,490
105,嘉義縣,六腳鄉,23787,62.2619,382
105,嘉義縣,東石鄉,25307,81.5821,310
105,嘉義縣,義竹鄉,18822,79.2925,237
105,嘉義縣,鹿草鄉,15808,54.3151,291
105,嘉義縣,水上鄉,50084,69.1198,725
105,嘉義縣,中埔鄉,45395,129.5016,351
105,嘉義縣,竹崎鄉,36226,162.2256,223
105,嘉義縣,梅山鄉,19800,119.7571,165
105,嘉義縣,番路鄉,11695,117.5269,100
105,嘉義縣,大埔鄉,4610,173.2472,27
105,嘉義縣,阿里山鄉,5664,427.8471,13
105,屏東縣,屏東市,201644,65.067,3099
105,屏東縣,潮州鎮,54703,42.4331,1289
105,屏東縣,東港鎮,48097,29.4635,1632
105,屏東縣,恆春鎮,30783,136.763,225
105,屏東縣,萬丹鄉,51261,57.4679,892
105,屏東縣,長治鄉,30159,39.8861,756
105,屏東縣,麟洛鄉,11125,16.26,684
105,屏東縣,九如鄉,22083,42.0187,526
105,屏東縣,里港鄉,26995,68.9208,392
105,屏東縣,鹽埔鄉,26199,64.3493,407
105,屏東縣,高樹鄉,24882,90.1522,276
105,屏東縣,萬巒鄉,20609,60.7315,339
105,屏東縣,內埔鄉,55181,81.8554,674
105,屏東縣,竹田鄉,17351,29.0732,597
105,屏東縣,新埤鄉,9927,59.0102,168
105,屏東縣,枋寮鄉,24826,57.7347,430
105,屏東縣,新園鄉,35680,38.3109,931
105,屏東縣,崁頂鄉,15916,31.2659,509
105,屏東縣,林邊鄉,18317,15.6233,1172
105,屏東縣,南州鄉,10808,18.97,570
105,屏東縣,佳冬鄉,19689,30.9842,635
105,屏東縣,琉球鄉,12423,6.8018,1826
105,屏東縣,車城鄉,8741,49.8517,175
105,屏東縣,滿州鄉,7847,142.2013,55
105,屏東縣,枋山鄉,5535,17.2697,321
105,屏東縣,三地門鄉,7662,196.3965,39
105,屏東縣,霧臺鄉,3285,278.796,12
105,屏東縣,瑪家鄉,6773,78.7008,86
105,屏東縣,泰武鄉,5262,118.6266,44
105,屏東縣,來義鄉,7494,167.7756,45
105,屏東縣,春日鄉,4855,160.001,30
105,屏東縣,獅子鄉,4827,301.0018,16
105,屏東縣,牡丹鄉,4853,181.8366,27
105,臺東縣,臺東市,106368,109.7691,969
105,臺東縣,成功鎮,14411,143.9939,100
105,臺東縣,關山鎮,8811,58.7351,150
105,臺東縣,卑南鄉,17443,412.6871,42
105,臺東縣,大武鄉,6238,69.1454,90
105,臺東縣,太麻里鄉,11304,96.6523,117
105,臺東縣,東河鄉,8686,210.1908,41
105,臺東縣,長濱鄉,7399,155.1868,48
105,臺東縣,鹿野鄉,8018,89.698,89
105,臺東縣,池上鄉,8375,82.6854,101
105,臺東縣,綠島鄉,3724,15.0919,247
105,臺東縣,延平鄉,3523,455.8805,8
105,臺東縣,海端鄉,4283,880.0382,5
105,臺東縣,達仁鄉,3524,306.4454,11
105,臺東縣,金峰鄉,3612,380.6635,9
105,臺東縣,蘭嶼鄉,5083,48.3892,105
105,花蓮縣,花蓮市,105034,29.4095,3571
105,花蓮縣,鳳林鎮,11004,120.5181,91
105,花蓮縣,玉里鎮,24740,252.3719,98
105,花蓮縣,新城鄉,20274,29.4095,689
105,花蓮縣,吉安鄉,83656,65.2582,1282
105,花蓮縣,壽豐鄉,18146,218.4448,83
105,花蓮縣,光復鄉,13032,157.11,83
105,花蓮縣,豐濱鄉,4439,162.4332,27
105,花蓮縣,瑞穗鄉,11757,135.5862,87
105,花蓮縣,富里鄉,10557,176.3705,60
105,花蓮縣,秀林鄉,15796,1641.8555,10
105,花蓮縣,萬榮鄉,6440,618.491,10
105,花蓮縣,卓溪鄉,6036,1021.313,6
105,澎湖縣,馬公市,61740,33.9918,1816
105,澎湖縣,湖西鄉,14435,33.3008,433
105,澎湖縣,白沙鄉,9799,20.0875,488
105,澎湖縣,西嶼鄉,8403,18.7148,449
105,澎湖縣,望安鄉,5131,13.7824,372
105,澎湖縣,七美鄉,3755,6.9868,537
105,基隆市,中正區,52572,10.2118,5148
105,基隆市,七堵區,54103,56.2659,962
105,基隆市,暖暖區,38407,22.8283,1682
105,基隆市,仁愛區,45021,4.2335,10634
105,基隆市,中山區,48115,10.5238,4572
105,基隆市,安樂區,82014,18.025,4550
105,基隆市,信義區,51868,10.6706,4861
105,新竹市,東區,209826,33.5768,6249
105,新竹市,北區,149993,15.7267,9537
105,新竹市,香山區,77518,54.8491,1413
105,嘉義市,東區,122462,30.1556,4061
105,嘉義市,西區,147412,29.87,4935
105,金門縣,金城鎮,42726,21.713,1968
105,金門縣,金湖鎮,28833,41.696,692
105,金門縣,金沙鎮,20312,41.19,493
105,金門縣,金寧鄉,30006,29.854,1005
105,金門縣,烈嶼鄉,12568,16.003,785
105,金門縣,烏坵鄉,669,1.2,558
105,連江縣,南竿鄉,7382,10.4,710
105,連江縣,北竿鄉,2344,9.9,237
105,連江縣,莒光鄉,1562,4.7,332
105,連江縣,東引鄉,1307,3.8,344
